{
  "single_vs_batched": {
    "single_avg_ms": 92.68035840000013,
    "batched_avg_ms": 120.53173749999989,
    "single_latencies": [
      570.9735000000001,
      28.41762499999989,
      35.66849999999988,
      30.991875000000224,
      35.76537499999999,
      39.8696670000005,
      44.22037500000009,
      47.77470900000047,
      46.161374999999616,
      46.96058300000061
    ],
    "batched_latencies": [
      107.99287499999988,
      109.99879199999984,
      105.94795799999979,
      108.81454200000019,
      107.03170800000007,
      109.75254199999983,
      105.09716600000019,
      107.70187500000006,
      171.93308399999995,
      171.04683299999922
    ]
  },
  "cold_vs_warm": {
    "cold_avg_ms": 58.647833199999866,
    "warm_avg_ms": 0.43133320000006137,
    "cold_latencies": [
      57.58962500000031,
      58.15358299999929,
      59.88954199999963,
      58.38062499999985,
      59.22579100000025
    ],
    "warm_latencies": [
      0.4097080000002862,
      0.3475420000000895,
      0.7430409999997778,
      0.3066250000003379,
      0.3497499999998155
    ],
    "speedup_factor": 135.96874342153936
  },
  "throughput": {
    "5": {
      "target_rps": 5,
      "actual_requests": 99,
      "successful": 99,
      "avg_latency_ms": 31.176165818181946,
      "p95_latency_ms": 72.4844580000017,
      "cache_hit_rate": 0.2727272727272727
    },
    "10": {
      "target_rps": 10,
      "actual_requests": 198,
      "successful": 198,
      "avg_latency_ms": 27.31420703535349,
      "p95_latency_ms": 59.04224999999741,
      "cache_hit_rate": 0.24242424242424243
    },
    "20": {
      "target_rps": 20,
      "actual_requests": 393,
      "successful": 393,
      "avg_latency_ms": 31.36948822137369,
      "p95_latency_ms": 72.53624999999886,
      "cache_hit_rate": 0.2951653944020356
    }
  }
}