{
  "single_vs_batched": {
    "single_avg_ms": 44.57205010000005,
    "batched_avg_ms": 107.38168739999992,
    "single_latencies": [
      140.21137500000003,
      29.144916999999992,
      37.8906670000001,
      38.45720800000008,
      36.12125000000033,
      31.478833000000428,
      34.3985,
      30.952709000000134,
      32.025457999999674,
      35.039583999999735
    ],
    "batched_latencies": [
      94.1798330000001,
      94.50316599999996,
      94.05479199999967,
      94.88691599999922,
      95.90333299999986,
      93.86254100000002,
      93.4721249999999,
      95.3824170000006,
      159.022459,
      158.549292
    ],
    "memory_before": {
      "cpu_percent": 4.0,
      "memory_rss_mb": 27.36,
      "memory_vms_mb": 431544.03,
      "system_memory_percent": 79.8
    },
    "memory_after": {
      "cpu_percent": 18.0,
      "memory_rss_mb": 27.73,
      "memory_vms_mb": 431548.03,
      "system_memory_percent": 79.5
    }
  },
  "cold_vs_warm": {
    "cold_avg_ms": 54.04088340000044,
    "warm_avg_ms": 0.4934500000000952,
    "cold_latencies": [
      36.32866700000115,
      58.80687500000015,
      58.29245800000038,
      58.46037500000101,
      58.31604199999951
    ],
    "warm_latencies": [
      0.9309159999997263,
      0.4229169999998561,
      0.4129999999999967,
      0.40733400000014797,
      0.29308300000074894
    ],
    "speedup_factor": 109.51643205996558,
    "memory_metrics": {
      "cpu_percent": 17.9,
      "memory_rss_mb": 27.78,
      "memory_vms_mb": 431548.03,
      "system_memory_percent": 80.0
    }
  },
  "throughput": {
    "10": {
      "target_rps": 10,
      "actual_requests": 198,
      "successful": 198,
      "avg_latency_ms": 25.206547535353497,
      "p95_latency_ms": 57.92712499999908,
      "cache_hit_rate": 0.29292929292929293,
      "memory_rss_mb": 27.88,
      "cpu_percent": 1.8,
      "system_memory_percent": 79.0
    },
    "50": {
      "target_rps": 50,
      "actual_requests": 955,
      "successful": 955,
      "avg_latency_ms": 48.307137491099475,
      "p95_latency_ms": 104.4201250000043,
      "cache_hit_rate": 0.2942408376963351,
      "memory_rss_mb": 28.2,
      "cpu_percent": 1.8,
      "system_memory_percent": 79.5
    },
    "100": {
      "target_rps": 100,
      "actual_requests": 1828,
      "successful": 1828,
      "avg_latency_ms": 87.06767003172867,
      "p95_latency_ms": 187.39045800001009,
      "cache_hit_rate": 0.33916849015317285,
      "memory_rss_mb": 28.92,
      "cpu_percent": 4.0,
      "system_memory_percent": 78.7
    }
  }
}